{
    "Ar36": {
        "error": 0.00023185777581654387, 
        "filter_outliers_dict": {
            "filter_outliers": true, 
            "iterations": 2, 
            "std_devs": 2
        }, 
        "fit": "Parabolic", 
        "value": 0.0022794615785182745
    }, 
    "Ar37": {
        "error": 0.01251543143580553, 
        "filter_outliers_dict": {
            "filter_outliers": true, 
            "iterations": 2, 
            "std_devs": 2
        }, 
        "fit": "linear", 
        "value": 0.05577787811746575
    }, 
    "Ar38": {
        "error": 0.014151516990392419, 
        "filter_outliers_dict": {
            "filter_outliers": true, 
            "iterations": 2, 
            "std_devs": 2
        }, 
        "fit": "linear", 
        "value": -0.09970214845599212
    }, 
    "Ar39": {
        "error": 0.025791280441494677, 
        "filter_outliers_dict": {
            "filter_outliers": true, 
            "iterations": 2, 
            "std_devs": 2
        }, 
        "fit": "Parabolic", 
        "value": 0.08084569572073395
    }, 
    "Ar40": {
        "error": 0.020690944448265386, 
        "filter_outliers_dict": {
            "filter_outliers": true, 
            "iterations": 2, 
            "std_devs": 2
        }, 
        "fit": "Parabolic", 
        "value": 0.37966884796729305
    }
}