{
    "Ar36": {
        "error": 0.00020163154401913431, 
        "filter_outliers_dict": {
            "filter_outliers": true, 
            "iterations": 2, 
            "std_devs": 2
        }, 
        "fit": "Parabolic", 
        "value": 0.0020410347317448853
    }, 
    "Ar37": {
        "error": 0.012823564082762336, 
        "filter_outliers_dict": {
            "filter_outliers": true, 
            "iterations": 2, 
            "std_devs": 2
        }, 
        "fit": "linear", 
        "value": -0.5501899298446798
    }, 
    "Ar38": {
        "error": 0.013769425470296073, 
        "filter_outliers_dict": {
            "filter_outliers": true, 
            "iterations": 2, 
            "std_devs": 2
        }, 
        "fit": "linear", 
        "value": -0.10959719244280931
    }, 
    "Ar39": {
        "error": 0.02416926541037529, 
        "filter_outliers_dict": {
            "filter_outliers": true, 
            "iterations": 2, 
            "std_devs": 2
        }, 
        "fit": "Parabolic", 
        "value": -0.12308868018491047
    }, 
    "Ar40": {
        "error": 0.02043459282977174, 
        "filter_outliers_dict": {
            "filter_outliers": true, 
            "iterations": 2, 
            "std_devs": 2
        }, 
        "fit": "Parabolic", 
        "value": 0.3786221289423886
    }
}