{
    "Ar36": {
        "error": 0.0071819702361748125, 
        "filter_outliers_dict": {
            "filter_outliers": true, 
            "iterations": 2, 
            "std_devs": 2
        }, 
        "fit": "Parabolic", 
        "value": 10.004918832983062
    }, 
    "Ar37": {
        "error": 0.013146155529447891, 
        "filter_outliers_dict": {
            "filter_outliers": true, 
            "iterations": 2, 
            "std_devs": 2
        }, 
        "fit": "linear", 
        "value": 0.09026717439912196
    }, 
    "Ar38": {
        "error": 0.01412582158650183, 
        "filter_outliers_dict": {
            "filter_outliers": true, 
            "iterations": 2, 
            "std_devs": 2
        }, 
        "fit": "linear", 
        "value": 1.7658024706505402
    }, 
    "Ar39": {
        "error": 0.024921914678762126, 
        "filter_outliers_dict": {
            "filter_outliers": true, 
            "iterations": 2, 
            "std_devs": 2
        }, 
        "fit": "Parabolic", 
        "value": -0.022058783277258076
    }, 
    "Ar40": {
        "error": 0.16899744830377506, 
        "filter_outliers_dict": {
            "filter_outliers": true, 
            "iterations": 2, 
            "std_devs": 2
        }, 
        "fit": "Parabolic", 
        "value": 2946.988607433327
    }
}