{
    "Ar36": {
        "error": 0.004219494062548762, 
        "filter_outliers_dict": {
            "filter_outliers": true, 
            "iterations": 2, 
            "std_devs": 2
        }, 
        "fit": "Parabolic", 
        "value": 3.8030071477718335
    }, 
    "Ar37": {
        "error": 0.012179875751010927, 
        "filter_outliers_dict": {
            "filter_outliers": true, 
            "iterations": 2, 
            "std_devs": 2
        }, 
        "fit": "linear", 
        "value": 0.07100620160518864
    }, 
    "Ar38": {
        "error": 0.012948730715309975, 
        "filter_outliers_dict": {
            "filter_outliers": true, 
            "iterations": 2, 
            "std_devs": 2
        }, 
        "fit": "linear", 
        "value": 0.6383029437292378
    }, 
    "Ar39": {
        "error": 0.02396828093758029, 
        "filter_outliers_dict": {
            "filter_outliers": true, 
            "iterations": 2, 
            "std_devs": 2
        }, 
        "fit": "Parabolic", 
        "value": -0.0589121418746376
    }, 
    "Ar40": {
        "error": 0.10940833918313593, 
        "filter_outliers_dict": {
            "filter_outliers": true, 
            "iterations": 2, 
            "std_devs": 2
        }, 
        "fit": "Parabolic", 
        "value": 1125.0729461688466
    }
}