{
    "Ar36": {
        "error": 0.004706450384861149, 
        "filter_outliers_dict": {
            "filter_outliers": true, 
            "iterations": 2, 
            "std_devs": 2
        }, 
        "fit": "Parabolic", 
        "value": 3.9971644312323464
    }, 
    "Ar37": {
        "error": 0.012309544429578068, 
        "filter_outliers_dict": {
            "filter_outliers": true, 
            "iterations": 2, 
            "std_devs": 2
        }, 
        "fit": "linear", 
        "value": 0.005124914586305013
    }, 
    "Ar38": {
        "error": 0.01396248553761458, 
        "filter_outliers_dict": {
            "filter_outliers": true, 
            "iterations": 2, 
            "std_devs": 2
        }, 
        "fit": "linear", 
        "value": 0.661773647679017
    }, 
    "Ar39": {
        "error": 0.024235162110651885, 
        "filter_outliers_dict": {
            "filter_outliers": true, 
            "iterations": 2, 
            "std_devs": 2
        }, 
        "fit": "Parabolic", 
        "value": 0.07977700902379505
    }, 
    "Ar40": {
        "error": 0.08291412393684713, 
        "filter_outliers_dict": {
            "filter_outliers": true, 
            "iterations": 2, 
            "std_devs": 2
        }, 
        "fit": "Parabolic", 
        "value": 1179.5631216706065
    }
}